{
    "keep": {
        "days": true,
        "amount": 14
    },
    "auditLog": "logs/.513b87b020e287c2053bf3369e7dda1fdcb46f7c-audit.json",
    "files": [
        {
            "date": 1733253818097,
            "name": "logs/involink-2024-12-03.log",
            "hash": "91984372a64ede856a19840a0b2a5624c495c08fd147f4e4780beb9af918be3a"
        },
        {
            "date": 1733259610665,
            "name": "logs/involink-2024-12-04.log",
            "hash": "1e6e208bcbd01259b314414ac826d3323b9907b19c6129cafbfe99ca714dc19b"
        },
        {
            "date": 1733347705893,
            "name": "logs/involink-2024-12-05.log",
            "hash": "5c6e7e341e1000b05b2495e7f6e7c86c7e5797fad492bac389df535332079093"
        },
        {
            "date": 1733513369381,
            "name": "logs/involink-2024-12-06.log",
            "hash": "0b13e0e3bfd42942317306e1b890fe0448eb27cb7efa6746171258a3942c74f0"
        },
        {
            "date": 1733519087917,
            "name": "logs/involink-2024-12-07.log",
            "hash": "ec62a4e6991b4efdc36abd93c1c769e0736a02a86f34ac56a7edb81eb07edd9c"
        },
        {
            "date": 1733772815795,
            "name": "logs/involink-2024-12-09.log",
            "hash": "528692b3c6c0e4946da4081a3999bd6266e8e5907c2217338f138048d04bc40e"
        },
        {
            "date": 1733778239213,
            "name": "logs/involink-2024-12-10.log",
            "hash": "8293c8180d0ed0d6fa1ef1b0c75469419c7c331b838c3fc87ff52a965ec37072"
        },
        {
            "date": 1733865378584,
            "name": "logs/involink-2024-12-11.log",
            "hash": "38ae7e8321a908a7084c79ca1b1a1424c639fdde63c62798e5424d6d92c2149b"
        },
        {
            "date": 1734079812053,
            "name": "logs/involink-2024-12-13.log",
            "hash": "cb39f2c1c32d6d17bba17648da768ebda996414348ab866d86863f6fbe9f58ce"
        },
        {
            "date": 1734266941563,
            "name": "logs/involink-2024-12-15.log",
            "hash": "1115ddd1fc893a74f1da235b7fd9e82d7092b8ae3080048943a707ab807045dd"
        }
    ],
    "hashType": "sha256"
}