{
    "keep": {
        "days": true,
        "amount": 14
    },
    "auditLog": "logs/.513b87b020e287c2053bf3369e7dda1fdcb46f7c-audit.json",
    "files": [
        {
            "date": 1733253818097,
            "name": "logs/involink-2024-12-03.log",
            "hash": "91984372a64ede856a19840a0b2a5624c495c08fd147f4e4780beb9af918be3a"
        },
        {
            "date": 1733259610665,
            "name": "logs/involink-2024-12-04.log",
            "hash": "1e6e208bcbd01259b314414ac826d3323b9907b19c6129cafbfe99ca714dc19b"
        },
        {
            "date": 1733347705893,
            "name": "logs/involink-2024-12-05.log",
            "hash": "5c6e7e341e1000b05b2495e7f6e7c86c7e5797fad492bac389df535332079093"
        },
        {
            "date": 1733513369381,
            "name": "logs/involink-2024-12-06.log",
            "hash": "0b13e0e3bfd42942317306e1b890fe0448eb27cb7efa6746171258a3942c74f0"
        },
        {
            "date": 1733519087917,
            "name": "logs/involink-2024-12-07.log",
            "hash": "ec62a4e6991b4efdc36abd93c1c769e0736a02a86f34ac56a7edb81eb07edd9c"
        }
    ],
    "hashType": "sha256"
}