{
    "keep": {
        "days": true,
        "amount": 14
    },
    "auditLog": "logs/.513b87b020e287c2053bf3369e7dda1fdcb46f7c-audit.json",
    "files": [
        {
            "date": 1733253818097,
            "name": "logs/involink-2024-12-03.log",
            "hash": "91984372a64ede856a19840a0b2a5624c495c08fd147f4e4780beb9af918be3a"
        },
        {
            "date": 1733259610665,
            "name": "logs/involink-2024-12-04.log",
            "hash": "1e6e208bcbd01259b314414ac826d3323b9907b19c6129cafbfe99ca714dc19b"
        },
        {
            "date": 1733347705893,
            "name": "logs/involink-2024-12-05.log",
            "hash": "5c6e7e341e1000b05b2495e7f6e7c86c7e5797fad492bac389df535332079093"
        }
    ],
    "hashType": "sha256"
}