{
    "keep": {
        "days": true,
        "amount": 14
    },
    "auditLog": "logs/.944c2a6e38c8046075bb4cb64c11b1f8d919853c-audit.json",
    "files": [
        {
            "date": 1733253818100,
            "name": "logs/error-2024-12-03.log",
            "hash": "935fcf189b0b94c994189f2bd2f37aba2dbd3855a5d7f44e749d041fc5760ba0"
        },
        {
            "date": 1733259610667,
            "name": "logs/error-2024-12-04.log",
            "hash": "fe4b21cac16e413cc6ed3cfa06a576a11c2450643896308149bd0eee53c5571c"
        },
        {
            "date": 1733347705897,
            "name": "logs/error-2024-12-05.log",
            "hash": "e0b0f47560452cd19a9b5f0b60df91832692192c68e07c2e68bf3cc79813099c"
        },
        {
            "date": 1733513369383,
            "name": "logs/error-2024-12-06.log",
            "hash": "6d01f967b5988040be29bc7a3fb090af2fed35d6911f3940fd63299a07603a3e"
        },
        {
            "date": 1733519087919,
            "name": "logs/error-2024-12-07.log",
            "hash": "45fc9c066a27cdafd5116f32bce6372924b2529296cf1d94e6da997281de3019"
        },
        {
            "date": 1733772815797,
            "name": "logs/error-2024-12-09.log",
            "hash": "150b0a364664b55cd8a0dc74f94d8dbb6eaccef2e05ecb51bf8055f10a1b226d"
        },
        {
            "date": 1733778239215,
            "name": "logs/error-2024-12-10.log",
            "hash": "3bbf73e0b104577b6d0a43969f030315e9e5894ff82e189c588098bfe7ab84e9"
        },
        {
            "date": 1733865378586,
            "name": "logs/error-2024-12-11.log",
            "hash": "e0975f39d3dca02a9c6a023b38fb999fe8e81b96c1fbdfd1d3d8a38d4c485b3b"
        },
        {
            "date": 1734079812055,
            "name": "logs/error-2024-12-13.log",
            "hash": "e177f7d73e112a7597bb8d2b394f4d8edef7ad4d6062b72f9451854655bab2df"
        },
        {
            "date": 1734266941564,
            "name": "logs/error-2024-12-15.log",
            "hash": "86810a579fd82709459d4b4f299dd034b6793379fbf868af7a8812408555bbb9"
        },
        {
            "date": 1734297319185,
            "name": "logs/error-2024-12-16.log",
            "hash": "f85c81b10223eeb793bb2d063845eb15c659ef91ea304689c83ed4f70e2918de"
        }
    ],
    "hashType": "sha256"
}