{
    "keep": {
        "days": true,
        "amount": 14
    },
    "auditLog": "logs/.944c2a6e38c8046075bb4cb64c11b1f8d919853c-audit.json",
    "files": [
        {
            "date": 1733253818100,
            "name": "logs/error-2024-12-03.log",
            "hash": "935fcf189b0b94c994189f2bd2f37aba2dbd3855a5d7f44e749d041fc5760ba0"
        },
        {
            "date": 1733259610667,
            "name": "logs/error-2024-12-04.log",
            "hash": "fe4b21cac16e413cc6ed3cfa06a576a11c2450643896308149bd0eee53c5571c"
        },
        {
            "date": 1733347705897,
            "name": "logs/error-2024-12-05.log",
            "hash": "e0b0f47560452cd19a9b5f0b60df91832692192c68e07c2e68bf3cc79813099c"
        }
    ],
    "hashType": "sha256"
}